v measure,voi,normalised voi
0.18412110449206556,6.127951186580236,0.8158788955079348
