v measure,voi,normalised voi
0.41297929022639457,4.321768146090067,0.5870207097736055
