seed,v measure,voi,normalised voi
0,0.12649317751062852,6.338486332989312,0.8735068224893717
1,0.14019669713387378,6.283521641462552,0.8598033028661263
2,0.14192933659648882,6.305706378711097,0.8580706634035116
3,0.1391978652232391,6.219593025467413,0.8608021347767612
4,0.1379529451654945,6.2141463187026105,0.8620470548345057
