v measure,voi,normalised voi
0.5560940869699924,4.249439383514071,0.4439059130300078
