seed,v measure,voi,normalised voi
0,0.4437988794507774,4.176915128759578,0.5562011205492227
1,0.43756487162649976,4.123767794327739,0.5624351283735003
2,0.4357357733913565,4.1664764236922815,0.5642642266086435
3,0.41186180893468394,4.287340555930067,0.5881381910653162
4,0.45004099364287065,4.063177981322324,0.5499590063571296
