v measure,voi,normalised voi
0.1036455535212167,6.788636543990848,0.8963544464787835
