seed,v measure,voi,normalised voi
0,0.1944369033382961,7.6117149204532115,0.8055630966617041
1,0.18903969303942764,7.691617228518466,0.8109603069605726
2,0.1904366932386916,7.673340082101615,0.8095633067613088
3,0.19069492639461733,7.731262587626803,0.809305073605383
4,0.1887803400378417,7.68141691982208,0.8112196599621583
