v measure,voi,normalised voi
0.46235435809952413,2.384939576510785,0.537645641900476
