seed,v measure,voi,normalised voi
0,0.584324063148953,3.972695520615563,0.41567593685104687
1,0.5428100259443249,4.375185531868652,0.4571899740556752
2,0.5485023208714372,4.317365936591439,0.45149767912856326
3,0.5379950447972639,4.416398257647302,0.46200495520273677
4,0.5238267691944444,4.542197464076697,0.4761732308055556
